Case9Linear Constraints using python code, no SDP and uptri vars.
B, CRad, Time
0.001 , 0.003201 , 29.5252099044
0.005 , 0.017601 , 66.340857561
0.01 , 0.035601 , 69.5842106253
