Case30Linear Constraints using python code, no SDP and uptri vars.,
B, CRad, Time
0.001,0.001301,23270.64933
0.005,0.007301,52588.63893
0.01,0.014801,69598.27139
