Case14Linear Constraints using self contained python code.,,
B, CRad, Time
0.001,0.001201,1461.970297
0.002,0.002501,2683.021022
0.003,0.003901,3390.704431
0.004,0.005301,2435.866533
0.005,0.006701,3997.595254
0.006,0.008001,3821.281424
0.007,0.009401,4737.028551
0.008,0.010801,3870.355544
0.009,0.012101,3565.391605
0.01,0.013501,4096.295766
