Case14Linear Constraints using python code, no SDP and uptri vars.
B, CRad, Time
0.001 , 0.002701 , 895.202684176
0.005 , 0.014701 , 1523.342941
0.01 , 0.029801 , 3585.71417044
