Case22Linear Constraints using python code, no SDP and uptri vars.
B, CRad, Time
0.001 , 1e-06 , 346.86916867
0.005 , 0.031601 , 3087.13898461
0.01 , 0.063201 , 2406.35243747
