Case5Linear Constraints using python code, no SDP and uptri vars.,
B, CRad, Time
0.001,0.019001,6.00779792
0.002,0.041001,8.178389134
0.003,0.062001,10.13451936
0.004,0.084001,14.8236742
0.005,0.105001,18.32815026
0.006,0.126001,20.62108864
0.007,0.148001,22.76019182
0.008,0.169001,18.13873199
0.009,0.190001,19.50463471
0.01,0.211001,20.65410333
